iter	Huber:delta=0.5
0	0.5685947642
1	0.5528350555
2	0.5238533743
3	0.5063115158
4	0.4812703366
5	0.4563205934
6	0.4444683396
7	0.4316043183
8	0.4207048257
9	0.407090629
10	0.384906239
11	0.3755592198
12	0.3657597412
13	0.35655535
14	0.3445109178
15	0.3304576525
16	0.3184002175
17	0.3076005144
18	0.2994013542
19	0.2913185323
20	0.2821408473
21	0.2756752508
22	0.2685009115
23	0.2626932432
24	0.2585280776
25	0.2533276385
26	0.248346323
27	0.2443331341
28	0.2399497633
29	0.2354098324
30	0.2317821544
31	0.2274746782
32	0.2240934743
33	0.2210652305
34	0.2177373531
35	0.2151401189
36	0.2126096603
37	0.2102013765
38	0.2075974846
39	0.204735003
40	0.2025605015
41	0.2005091902
42	0.1982355391
43	0.1961879887
44	0.1937934779
45	0.1921442213
46	0.1903779813
47	0.1887737752
48	0.1866153944
49	0.1852061235
50	0.1838640748
51	0.1823028233
52	0.1809179711
53	0.1789655873
54	0.1778976765
55	0.1767384053
56	0.1756295961
57	0.1742904897
58	0.1730539914
59	0.1718294855
60	0.1707651087
61	0.1694775597
62	0.1683719844
63	0.1675715064
64	0.1666330711
65	0.1654478756
66	0.1643636602
67	0.1635240371
68	0.1627090759
69	0.1619963111
70	0.1610153314
71	0.1596123075
72	0.1588259975
73	0.1579994626
74	0.1570922772
75	0.1562794719
76	0.1554966947
77	0.1546798526
78	0.1540576694
79	0.1533915129
80	0.1528461678
81	0.1523882898
82	0.1517904056
83	0.1513664489
84	0.1507492512
85	0.1501561994
86	0.1495555682
87	0.1491687639
88	0.1485456231
89	0.1480763219
90	0.1477415481
91	0.1473256763
92	0.1468476702
93	0.1463301765
94	0.1458766419
95	0.1455200189
96	0.145257653
97	0.1448519063
98	0.1445270399
99	0.1441491365
100	0.1438277546
101	0.143509306
102	0.143164007
103	0.1428016448
104	0.1425116045
105	0.1421658063
106	0.141829427
107	0.1415945518
108	0.1413411535
109	0.1410888882
110	0.1408509562
111	0.1406281854
112	0.1404062829
113	0.1401946387
114	0.1400204051
115	0.1398718271
116	0.1396340768
117	0.1394092429
118	0.1392887345
119	0.1390912509
120	0.1389618078
121	0.1387521942
122	0.1385992186
123	0.1383893639
124	0.138221861
125	0.1380466291
126	0.1378920622
127	0.1377179468
128	0.1375713546
129	0.1374735184
130	0.1373261308
131	0.1371732685
132	0.1370304803
133	0.1369095782
134	0.1367312565
135	0.1366447905
136	0.1364995712
137	0.1364099976
138	0.1362835691
139	0.1362124994
140	0.1361101519
141	0.1360150418
142	0.1359143169
143	0.1357403265
144	0.1356321928
145	0.1355252889
146	0.1354420141
147	0.1353758956
148	0.1352460696
149	0.1351823447
150	0.1351090612
151	0.1349741329
152	0.1349019808
153	0.1348231206
154	0.1347363259
155	0.1346387318
156	0.1345666429
157	0.1345002537
158	0.1344096266
159	0.1343366083
160	0.1342696286
161	0.1341769571
162	0.1340933667
163	0.1340279561
164	0.133987177
165	0.1339132597
166	0.1338406357
167	0.1337075721
168	0.1336471394
169	0.1335288086
170	0.1334583663
171	0.1333945836
172	0.1333388605
173	0.1333023213
174	0.1332411185
175	0.1331912754
176	0.133131367
177	0.1330713705
178	0.1330351364
179	0.1329626064
180	0.1329118998
181	0.132849145
182	0.1327878308
183	0.1327303117
184	0.1326367546
185	0.1325855023
186	0.1325020278
187	0.1324077407
188	0.1323441988
189	0.1322901026
190	0.132235592
191	0.1322008288
192	0.1321616639
193	0.1321007178
194	0.1320576767
195	0.1319744595
196	0.1319509544
197	0.1319113964
198	0.1318167769
199	0.1317718542
200	0.1317080503
201	0.1316542256
202	0.1315922807
203	0.1315427307
204	0.131509184
205	0.1314568363
206	0.1314198126
207	0.1313778194
208	0.1313486925
209	0.1312818859
210	0.1312337169
211	0.1311816141
212	0.1311188302
213	0.1310760602
214	0.131023064
215	0.1309807593
216	0.1309407606
217	0.1308828481
218	0.1308363882
219	0.1307918595
220	0.1307521908
221	0.1307232621
222	0.1306972919
223	0.1306399013
224	0.1306006522
225	0.1305810813
226	0.1304983767
227	0.1304557323
228	0.1304047003
229	0.1303660929
230	0.1302918564
231	0.1302660595
232	0.130238512
233	0.1301932666
234	0.1301610211
235	0.1301372037
236	0.1301025133
237	0.1300132419
238	0.1299758856
239	0.1299432136
240	0.1298897382
241	0.1298523541
242	0.1298060911
243	0.1297351893
244	0.1297007312
245	0.1296515994
246	0.1296262491
247	0.1296039208
248	0.1295540075
249	0.1295126208
250	0.1294856197
251	0.1294166433
252	0.1294014626
253	0.129353362
254	0.1293187783
255	0.129290444
256	0.1292590843
257	0.1292194244
258	0.1291752749
259	0.129145554
260	0.129125336
261	0.1290992692
262	0.1290795747
263	0.1290556444
264	0.1290282287
265	0.129007904
266	0.1289351636
267	0.1289150544
268	0.1288452784
269	0.1288225242
270	0.1287561659
271	0.1287082558
272	0.1286893845
273	0.1286630031
274	0.1286352802
275	0.1285830779
276	0.128547701
277	0.1285146672
278	0.1284912715
279	0.1284563113
280	0.1284317174
281	0.1284020151
282	0.1283395074
283	0.1283027581
284	0.1282842342
285	0.1282527403
286	0.1282064534
287	0.1281912543
288	0.1281743959
289	0.1281474368
290	0.1281312214
291	0.1280976447
292	0.1280667729
293	0.1280560369
294	0.1280209686
295	0.1279923578
296	0.1279778248
297	0.1279516691
298	0.1279133381
299	0.1278820702
300	0.1278280023
301	0.1277992574
302	0.1277891089
303	0.1277741522
304	0.1277579024
305	0.1277250409
306	0.127703282
307	0.1276875616
308	0.1276633841
309	0.1276287268
310	0.1275786689
311	0.1275684075
312	0.127496701
313	0.1274616566
314	0.1274411005
315	0.1274215077
316	0.1274006506
317	0.1273579998
318	0.1273364727
319	0.1273071909
320	0.1272870203
321	0.1272588701
322	0.1272432335
323	0.1272247918
324	0.1272037201
325	0.1271913234
326	0.1271711339
327	0.127153857
328	0.1271231867
329	0.1270668284
330	0.1270429657
331	0.1270348947
332	0.1270205479
333	0.1269981795
334	0.1269701785
335	0.126944848
336	0.1269088453
337	0.1268978035
338	0.1268639193
339	0.1268513997
340	0.1268438858
341	0.1268029305
342	0.1267845188
343	0.1267680809
344	0.1267456208
345	0.1266753146
346	0.1266476035
347	0.1266314798
348	0.1266105051
349	0.1265805304
350	0.1265704495
351	0.1265477342
352	0.1265303732
353	0.1264992921
354	0.1264911068
355	0.1264734867
356	0.1264588456
357	0.1264365808
358	0.1264095206
359	0.1263913218
360	0.1263745174
361	0.1263520175
362	0.1263359668
363	0.126290892
364	0.1262803072
365	0.1262667496
366	0.1262530771
367	0.1262421144
368	0.1262221836
369	0.1262034183
370	0.1261665913
371	0.1261493014
372	0.126133938
373	0.1261032184
374	0.1260903444
375	0.1260659642
376	0.1260538601
377	0.1260376397
378	0.1260097435
379	0.1259965558
380	0.1259843402
381	0.1259574315
382	0.1259241902
383	0.1259104032
384	0.1258970512
385	0.1258757146
386	0.1258620119
387	0.1258475561
388	0.125823638
389	0.1258094134
390	0.1257855033
391	0.1257743439
392	0.1257481287
393	0.125730137
394	0.1257087437
395	0.1256713
396	0.1256556884
397	0.1256370494
398	0.1256161503
399	0.1256090717
400	0.1255957938
401	0.1255801129
402	0.1255588801
403	0.1255412873
404	0.1255336528
405	0.1255151324
406	0.1255025524
407	0.1254887416
408	0.1254721164
409	0.1254593015
410	0.1254439285
411	0.1254139513
412	0.1254002877
413	0.1253839906
414	0.1253674263
415	0.1253562573
416	0.1253330588
417	0.1253236505
418	0.1253023484
419	0.1252816818
420	0.1252625799
421	0.1252436246
422	0.125231221
423	0.1252110362
424	0.1251968203
425	0.1251874193
426	0.1251481335
427	0.12512925
428	0.1251179953
429	0.1250954329
430	0.1250777081
431	0.1250624215
432	0.1250481518
433	0.1250346486
434	0.1250166828
435	0.1249830634
436	0.1249351333
437	0.1249111588
438	0.1249043654
439	0.1248707727
440	0.1248513479
441	0.1248336196
442	0.1248221929
443	0.1247921392
444	0.1247817527
445	0.1247598615
446	0.1247496903
447	0.124722007
448	0.124692619
449	0.1246797144
450	0.1246499816
451	0.1246304021
452	0.1246017116
453	0.1245872682
454	0.1245659906
455	0.1245482692
456	0.1245172507
457	0.1244994247
458	0.1244853223
459	0.1244721103
460	0.1244497684
461	0.1244430724
462	0.1244286948
463	0.1244107093
464	0.1244020527
465	0.1243947503
466	0.1243803496
467	0.124362951
468	0.12435622
469	0.1243324689
470	0.1243255834
471	0.1243137696
472	0.1242980009
473	0.1242794749
474	0.1242674919
475	0.1242593896
476	0.1242339127
477	0.1242136508
478	0.1241918714
479	0.1241570074
480	0.1241434071
481	0.124134947
482	0.1241169933
483	0.1241013375
484	0.1240565356
485	0.1240356031
486	0.1240173425
487	0.1240001791
488	0.1239719827
489	0.1239570749
490	0.1239424484
491	0.1239294159
492	0.1239024793
493	0.1238867621
494	0.1238590163
495	0.1238438196
496	0.123818407
497	0.123809043
498	0.1237868403
499	0.1237735102
500	0.1237475342
501	0.1237210019
502	0.1236991147
503	0.1236904901
504	0.1236568897
505	0.1236407503
506	0.1236306301
507	0.1236121683
508	0.1235813076
509	0.1235733562
510	0.1235549481
511	0.1235183003
512	0.1235119208
513	0.123484531
514	0.1234492464
515	0.1234367966
516	0.1234201669
517	0.1234136052
518	0.1233937439
519	0.1233790144
520	0.1233606782
521	0.1233519004
522	0.1233308704
523	0.1232994538
524	0.1232606836
525	0.1232502068
526	0.123234957
527	0.1232051268
528	0.1231925857
529	0.123175017
530	0.1231512009
531	0.1231371888
532	0.1231022635
533	0.1230814997
534	0.1230695098
535	0.1230521321
536	0.1230403069
537	0.1230303952
538	0.1230130658
539	0.1229980593
540	0.1229833124
541	0.1229724285
542	0.1229570354
543	0.1229382937
544	0.1229265259
545	0.1228981223
546	0.1228872678
547	0.1228641917
548	0.1228483078
549	0.1228340439
550	0.1228182969
551	0.1227927914
552	0.1227773855
553	0.1227591707
554	0.1227372398
555	0.122728147
556	0.1227062167
557	0.1226869692
558	0.1226791222
559	0.1226575011
560	0.122635445
561	0.1226223718
562	0.122613449
563	0.1225943313
564	0.1225830296
565	0.1225698338
566	0.1225543033
567	0.12253067
568	0.1225202839
569	0.122507449
570	0.1224968156
571	0.1224856414
572	0.1224695217
573	0.1224556708
574	0.1224468079
575	0.122424352
576	0.1224115777
577	0.1223979114
578	0.1223816157
579	0.1223401351
580	0.1223239908
581	0.1222902487
582	0.1222675224
583	0.1222576867
584	0.1222365673
585	0.1222230922
586	0.1222088491
587	0.1221908397
588	0.1221732761
589	0.1221647933
590	0.1221523357
591	0.1221358589
592	0.1221163469
593	0.1221032162
594	0.1220860305
595	0.1220689385
596	0.1220453412
597	0.1220365438
598	0.1220254944
599	0.122001281
600	0.1219903498
601	0.1219757298
602	0.1219591975
603	0.1219312637
604	0.1219193955
605	0.1219048076
606	0.1218960744
607	0.1218808905
608	0.1218544455
609	0.1218414115
610	0.1218313859
611	0.1218140287
612	0.1217966184
613	0.1217729231
614	0.121761942
615	0.1217344298
616	0.1217010166
617	0.1216864105
618	0.1216726357
619	0.1216559768
620	0.1216240852
621	0.1216049788
622	0.1215959822
623	0.1215852794
624	0.1215727566
625	0.1215616877
626	0.1215453002
627	0.1215211658
628	0.1214967941
629	0.1214713796
630	0.1214496771
631	0.1214322019
632	0.1214197325
633	0.121407265
634	0.1213806605
635	0.1213639199
636	0.1213519864
637	0.1213397855
638	0.1213200983
639	0.1213092036
640	0.1212980038
641	0.1212854218
642	0.1212732306
643	0.121251453
644	0.1212339013
645	0.1212136294
646	0.1212038762
647	0.1211901975
648	0.1211789136
649	0.1211437246
650	0.1211264353
651	0.121116843
652	0.1211049438
653	0.1210928723
654	0.121087382
655	0.1210701389
656	0.1210460168
657	0.1210227171
658	0.1210026804
659	0.1209860061
660	0.1209746263
661	0.1209613817
662	0.1209427541
663	0.1209300499
664	0.1209185634
665	0.1209099976
666	0.1208920036
667	0.1208801952
668	0.1208643392
669	0.1208478568
670	0.1208329804
671	0.1208135136
672	0.1207969625
673	0.1207799207
674	0.120768057
675	0.1207535367
676	0.1207352848
677	0.1207147551
678	0.1207004453
679	0.1206863713
680	0.1206739381
681	0.1206684867
682	0.1206451865
683	0.1206253855
684	0.1206134124
685	0.1206049695
686	0.1205941018
687	0.1205801832
688	0.1205557023
689	0.1205423838
690	0.1205297672
691	0.1205055301
692	0.1204915198
693	0.1204721397
694	0.1204619777
695	0.1204453476
696	0.1204290456
697	0.1204158195
698	0.1204016407
699	0.1203774755
700	0.1203659999
701	0.1203478989
702	0.1203227
703	0.1203054392
704	0.1202977203
705	0.1202838526
706	0.1202653702
707	0.1202504344
708	0.1202331079
709	0.1202227091
710	0.120206179
711	0.1201928857
712	0.1201811639
713	0.1201608458
714	0.1201485402
715	0.1201345017
716	0.1201248812
717	0.120112472
718	0.1201000594
719	0.1200878763
720	0.1200711772
721	0.1200562612
722	0.120036854
723	0.1200210556
724	0.1200008838
725	0.119972824
726	0.1199559603
727	0.1199489632
728	0.1199390052
729	0.1199277307
730	0.1199162456
731	0.1199052882
732	0.1198890364
733	0.1198732976
734	0.1198579557
735	0.1198349073
736	0.1198198797
737	0.1198045562
738	0.1197911218
739	0.1197814919
740	0.1197687578
741	0.1197606977
742	0.119742491
743	0.1197278123
744	0.119714123
745	0.1197028722
746	0.1196850084
747	0.1196788425
748	0.1196629891
749	0.119647031
750	0.1196383239
751	0.1196264562
752	0.119602578
753	0.1195929962
754	0.119577718
755	0.1195666265
756	0.1195511758
757	0.1195332644
758	0.1195163611
759	0.119504831
760	0.1194902751
761	0.1194796719
762	0.119462721
763	0.1194438864
764	0.1194247191
765	0.1194126633
766	0.1193893852
767	0.1193781296
768	0.1193532587
769	0.119336475
770	0.1193242341
771	0.119314078
772	0.1192977014
773	0.1192824789
774	0.1192754379
775	0.1192606355
776	0.1192358309
777	0.1192129005
778	0.1192001317
779	0.1191898617
780	0.1191653689
781	0.1191510594
782	0.1191433249
783	0.1191329697
784	0.1191053249
785	0.1190878524
786	0.119078821
787	0.119052543
788	0.119034156
789	0.1190169128
790	0.1190070492
791	0.1190006177
792	0.1189832512
793	0.1189704748
794	0.1189577037
795	0.1189470241
796	0.1189363843
797	0.1189223941
798	0.1189097516
799	0.118898871
800	0.1188940084
801	0.1188825661
802	0.1188735628
803	0.1188678795
804	0.1188482134
805	0.1188352373
806	0.1188253705
807	0.1188168827
808	0.1188006134
809	0.1187863402
810	0.1187697316
811	0.1187624916
812	0.1187537408
813	0.1187355107
814	0.1187191095
815	0.1186969381
816	0.1186881102
817	0.1186760366
818	0.1186698
819	0.1186548597
820	0.118645738
821	0.1186257157
822	0.1186201737
823	0.1186086902
824	0.1186003052
825	0.1185901365
826	0.1185796744
827	0.1185651358
828	0.118549678
829	0.1185339518
830	0.1185217531
831	0.1185136782
832	0.1185017613
833	0.1184831579
834	0.1184792812
835	0.1184654194
836	0.1184567286
837	0.1184506606
838	0.1184371281
839	0.1184224605
840	0.1184006329
841	0.1183889232
842	0.1183828877
843	0.1183622773
844	0.1183475277
845	0.1183346891
846	0.1183183506
847	0.1183069865
848	0.1182948706
849	0.1182787786
850	0.1182706927
851	0.1182567212
852	0.1182379766
853	0.1182275275
854	0.1182230839
855	0.1182148903
856	0.1182018368
857	0.1181909998
858	0.118176565
859	0.1181506589
860	0.1181276535
861	0.1180967938
862	0.1180789458
863	0.1180639195
864	0.1180456422
865	0.1180297866
866	0.1180163821
867	0.1180047461
868	0.1179860877
869	0.1179699076
870	0.1179429987
871	0.1179356855
872	0.1179221175
873	0.1179050244
874	0.1178983197
875	0.1178887233
876	0.1178776746
877	0.1178624204
878	0.1178439222
879	0.1178362594
880	0.1178225411
881	0.1178045847
882	0.1177943708
883	0.1177832385
884	0.1177705795
885	0.1177648511
886	0.1177534119
887	0.1177433983
888	0.1177323529
889	0.1177151405
890	0.1177049744
891	0.1176927532
892	0.1176838552
893	0.1176620454
894	0.1176457542
895	0.1176256462
896	0.1176076673
897	0.1175999486
898	0.1175885771
899	0.1175813978
900	0.1175701444
901	0.1175596182
902	0.1175498089
903	0.1175196588
904	0.1175126504
905	0.1175038614
906	0.1174931097
907	0.1174791748
908	0.1174651775
909	0.1174466424
910	0.1174413525
911	0.1174188531
912	0.1174031986
913	0.1173876182
914	0.1173777028
915	0.1173653043
916	0.1173559178
917	0.1173495614
918	0.1173380809
919	0.1173253545
920	0.1173140399
921	0.1172998272
922	0.1172862958
923	0.1172812684
924	0.1172678076
925	0.1172524467
926	0.1172428873
927	0.1172283901
928	0.1172146432
929	0.1172000608
930	0.11718843
931	0.1171725318
932	0.1171641115
933	0.1171422971
934	0.1171359752
935	0.1171263351
936	0.1171166107
937	0.1171063162
938	0.1170861858
939	0.1170661228
940	0.117055488
941	0.1170456443
942	0.1170343748
943	0.1170243751
944	0.117016137
945	0.1170050084
946	0.1169865979
947	0.116972767
948	0.1169630063
949	0.1169519005
950	0.1169475257
951	0.1169356095
952	0.1169286573
953	0.1169173338
954	0.1168983344
955	0.1168872409
956	0.1168798826
957	0.116866297
958	0.1168581202
959	0.1168486359
960	0.1168407342
961	0.1168286832
962	0.1168186935
963	0.1168061544
964	0.1167960806
965	0.1167859867
966	0.1167740808
967	0.1167605945
968	0.1167486858
969	0.1167387286
970	0.1167105486
971	0.1166973052
972	0.1166911788
973	0.1166691633
974	0.1166595965
975	0.1166525898
976	0.1166334459
977	0.1166202682
978	0.1166133548
979	0.1166006801
980	0.1165824717
981	0.1165689383
982	0.1165624948
983	0.11653876
984	0.1165298645
985	0.1165241946
986	0.1165236925
987	0.1165165179
988	0.1165060543
989	0.1164901899
990	0.1164824416
991	0.1164707558
992	0.116458299
993	0.1164476149
994	0.1164409916
995	0.1164180662
996	0.1164059542
997	0.1163904601
998	0.1163749197
999	0.1163616641
1000	0.1163536537
1001	0.1163420169
1002	0.1163343092
1003	0.1163192717
1004	0.1163096014
1005	0.1162918728
1006	0.116282119
1007	0.1162655114
1008	0.1162545992
1009	0.1162449978
1010	0.1162363819
1011	0.1162255319
1012	0.1162084169
1013	0.1161933292
1014	0.1161857649
1015	0.1161799324
1016	0.1161681817
1017	0.1161627392
1018	0.1161550961
1019	0.1161471646
1020	0.1161411902
1021	0.1161249275
1022	0.1161168807
1023	0.1160993458
1024	0.1160870796
1025	0.1160718782
1026	0.1160555315
1027	0.1160416573
1028	0.1160313675
1029	0.1160230475
1030	0.1160127136
1031	0.1160070696
1032	0.1160031824
1033	0.115995395
1034	0.1159851236
1035	0.1159755265
1036	0.1159664303
1037	0.1159566624
1038	0.1159507956
1039	0.1159343494
1040	0.1159250206
1041	0.1159143561
1042	0.1159082761
1043	0.1158984775
1044	0.1158910531
1045	0.1158813624
1046	0.1158701615
1047	0.1158565337
1048	0.1158485521
1049	0.1158299462
1050	0.1158123011
1051	0.1158044292
1052	0.115804281
1053	0.1157953957
1054	0.1157866517
1055	0.1157779916
1056	0.1157645594
1057	0.1157550004
1058	0.1157459161
1059	0.1157370706
1060	0.1157255933
1061	0.1157183133
1062	0.1157030282
1063	0.1156933018
1064	0.1156867529
1065	0.115676102
1066	0.1156597419
1067	0.1156535835
1068	0.1156427773
1069	0.1156340012
1070	0.1156191451
1071	0.115614353
1072	0.1155996942
1073	0.1155885932
1074	0.1155688658
1075	0.1155562422
1076	0.1155546058
1077	0.1155397809
1078	0.1155349731
1079	0.1155279261
1080	0.1155152635
1081	0.1155056824
1082	0.1154959065
1083	0.115486696
1084	0.11547456
1085	0.1154709088
1086	0.1154590915
1087	0.1154528727
1088	0.1154395929
1089	0.1154290017
1090	0.1154187834
1091	0.1154098391
1092	0.1154020624
1093	0.1153937738
1094	0.1153926232
1095	0.1153873755
1096	0.1153789514
1097	0.1153676481
1098	0.1153584656
1099	0.1153529795
1100	0.1153386924
1101	0.1153330996
1102	0.1153181262
1103	0.1153062258
1104	0.1152987271
1105	0.1152983577
1106	0.115287505
1107	0.1152743624
1108	0.1152659353
1109	0.1152558541
1110	0.1152440659
1111	0.1152284542
1112	0.1152175892
1113	0.1152064487
1114	0.1152012365
1115	0.1151947699
1116	0.1151734994
1117	0.1151627763
1118	0.1151504509
1119	0.115134799
1120	0.1151245591
1121	0.1151153405
1122	0.1151141792
1123	0.1151023441
1124	0.1150905678
1125	0.1150833895
1126	0.1150716059
1127	0.1150604734
1128	0.1150494063
1129	0.1150342219
1130	0.1150260579
1131	0.1150200934
1132	0.1150104972
1133	0.1149996383
1134	0.1149897269
1135	0.1149757706
1136	0.1149655385
1137	0.1149601097
1138	0.1149482692
1139	0.1149364621
1140	0.1149308954
1141	0.1149185147
1142	0.1149146815
1143	0.1149028498
1144	0.1148964187
1145	0.1148884636
1146	0.1148800636
1147	0.1148661215
1148	0.1148546339
1149	0.114848639
1150	0.1148384493
1151	0.1148283641
1152	0.1148190402
1153	0.1148087925
1154	0.114786527
1155	0.1147787
1156	0.1147633979
1157	0.1147620448
1158	0.1147487878
1159	0.1147381529
1160	0.1147255486
1161	0.1147129769
1162	0.1146983272
1163	0.1146888332
1164	0.1146811877
1165	0.1146719749
1166	0.1146678154
1167	0.1146589492
1168	0.1146557395
1169	0.114648402
1170	0.1146423024
1171	0.1146359505
1172	0.1146258091
1173	0.1146164063
1174	0.11460751
1175	0.1146001606
1176	0.1145859355
1177	0.114583436
1178	0.1145696101
1179	0.1145581714
1180	0.114548505
1181	0.1145461106
1182	0.1145364248
1183	0.1145230944
1184	0.1145114834
1185	0.1145022976
1186	0.114495223
1187	0.1144898543
1188	0.1144798718
1189	0.1144718396
1190	0.1144585391
1191	0.1144507195
1192	0.1144383967
1193	0.1144367216
1194	0.114426907
1195	0.1144195348
1196	0.1144104415
1197	0.1144002963
1198	0.1143829776
1199	0.1143754211
1200	0.1143688081
1201	0.1143514539
1202	0.1143429866
1203	0.1143397792
1204	0.114329118
1205	0.1143182427
1206	0.114313719
1207	0.1143086432
1208	0.1142917465
1209	0.1142861989
1210	0.1142775839
1211	0.1142770319
1212	0.1142641756
1213	0.1142513346
1214	0.1142379227
1215	0.1142284098
1216	0.114219743
1217	0.1142098836
1218	0.1141980188
1219	0.114189755
1220	0.1141833127
1221	0.1141689024
1222	0.1141615861
1223	0.1141546172
1224	0.1141478162
1225	0.1141345929
1226	0.1141282205
1227	0.1141198652
1228	0.1141154186
1229	0.1141097126
1230	0.1140989825
1231	0.1140904834
1232	0.1140815626
1233	0.1140747425
1234	0.1140628719
1235	0.1140545601
1236	0.1140395711
1237	0.1140301063
1238	0.1140225204
1239	0.1140126194
1240	0.1140074626
1241	0.1139996091
1242	0.113999127
1243	0.1139934963
1244	0.1139862621
1245	0.1139712634
1246	0.1139521765
1247	0.1139464676
1248	0.1139320322
1249	0.1139226956
1250	0.1139100818
1251	0.1139041967
1252	0.1138902491
1253	0.1138824053
1254	0.1138747202
1255	0.1138664168
1256	0.1138572398
1257	0.1138509534
1258	0.1138507401
1259	0.1138473701
1260	0.1138396316
1261	0.1138329621
1262	0.1138234595
1263	0.1138176175
1264	0.1138115592
1265	0.1138011961
1266	0.1137902505
1267	0.1137753398
1268	0.1137548392
1269	0.113753508
1270	0.1137467
1271	0.113742123
1272	0.1137376723
1273	0.1137252003
1274	0.1137108063
1275	0.1137061674
1276	0.1137053227
1277	0.113696941
1278	0.1136883268
1279	0.1136703996
1280	0.1136551225
1281	0.1136485299
1282	0.1136293228
1283	0.1136193384
1284	0.1136104743
1285	0.1135993871
1286	0.1135906402
1287	0.1135858259
1288	0.113575263
1289	0.113569785
1290	0.1135595768
1291	0.1135537962
1292	0.1135429725
1293	0.1135355364
1294	0.1135273821
1295	0.1135208749
1296	0.1135138164
1297	0.1135082932
1298	0.1134995147
1299	0.1134971699
1300	0.1134830075
1301	0.1134703235
1302	0.1134602544
1303	0.1134474535
1304	0.1134402485
1305	0.1134231016
1306	0.1134222031
1307	0.113410307
1308	0.1134036663
1309	0.1133950692
1310	0.1133872838
1311	0.1133709395
1312	0.1133674299
1313	0.1133549218
1314	0.1133443519
1315	0.1133296472
1316	0.1133141047
1317	0.1133012877
1318	0.1132938944
1319	0.1132819948
1320	0.113270669
1321	0.113264348
1322	0.1132554666
1323	0.1132456729
1324	0.1132353391
1325	0.113230686
1326	0.1132219318
1327	0.113216631
1328	0.1132091934
1329	0.1132028816
1330	0.113196305
1331	0.1131908961
1332	0.1131857099
1333	0.1131796186
1334	0.1131716817
1335	0.1131623965
1336	0.1131524981
1337	0.1131419059
1338	0.1131327376
1339	0.1131217695
1340	0.1131125136
1341	0.1131027295
1342	0.1130978887
1343	0.1130885038
1344	0.1130785345
1345	0.1130735974
1346	0.1130653485
1347	0.1130551355
1348	0.1130405227
1349	0.1130250918
1350	0.1130147873
1351	0.1130015863
1352	0.1129931643
1353	0.1129854146
1354	0.1129795599
1355	0.1129711906
1356	0.1129640863
1357	0.1129555923
1358	0.112946366
1359	0.1129362867
1360	0.1129295731
1361	0.112917838
1362	0.1129114599
1363	0.1129066748
1364	0.1128998317
1365	0.1128953043
1366	0.1128739496
1367	0.1128630746
1368	0.1128499325
1369	0.112845424
1370	0.1128369341
1371	0.1128264251
1372	0.1128198608
1373	0.1128095228
1374	0.1127974283
1375	0.1127902881
1376	0.1127849557
1377	0.1127735555
1378	0.1127625521
1379	0.1127489404
1380	0.1127400103
1381	0.112735775
1382	0.1127299605
1383	0.1127253904
1384	0.112716808
1385	0.1127112365
1386	0.1127073557
1387	0.1126975464
1388	0.1126934163
1389	0.1126863196
1390	0.1126779138
1391	0.1126744713
1392	0.1126561967
1393	0.1126498211
1394	0.1126396262
1395	0.1126310862
1396	0.1126200027
1397	0.1126098662
1398	0.1126007154
1399	0.112590912
1400	0.1125796996
1401	0.1125724031
1402	0.1125619259
1403	0.1125565394
1404	0.1125455308
1405	0.1125398687
1406	0.1125371693
1407	0.1125351386
1408	0.112524318
1409	0.1125170755
1410	0.1125076703
1411	0.1124875933
1412	0.1124794008
1413	0.1124717609
1414	0.112462739
1415	0.1124577395
1416	0.1124535732
1417	0.1124481969
1418	0.1124386469
1419	0.112432559
1420	0.1124187366
1421	0.1124078612
1422	0.1123971385
1423	0.1123886618
1424	0.1123813394
1425	0.1123703482
1426	0.1123611841
1427	0.1123557449
1428	0.1123516274
1429	0.1123469492
1430	0.1123388986
1431	0.1123299364
1432	0.1123204558
1433	0.1123106329
1434	0.1123027333
1435	0.1122927145
1436	0.1122830646
1437	0.1122770406
1438	0.1122718389
1439	0.112258578
1440	0.1122461475
1441	0.1122407113
1442	0.1122330792
1443	0.1122269855
1444	0.1122136415
1445	0.11220059
1446	0.1121876358
1447	0.1121794803
1448	0.112171147
1449	0.112166766
1450	0.112153056
1451	0.1121436815
1452	0.1121400751
1453	0.112137564
1454	0.1121293715
1455	0.1121258571
1456	0.1121193383
1457	0.112113201
1458	0.1121096031
1459	0.1120995618
1460	0.112097254
1461	0.112088455
1462	0.1120776013
1463	0.1120649654
1464	0.1120604014
1465	0.1120600623
1466	0.1120511201
1467	0.1120326735
1468	0.1120243388
1469	0.1120216252
1470	0.1120154667
1471	0.112006158
1472	0.1119991692
1473	0.1119902674
1474	0.1119881265
1475	0.1119767077
1476	0.1119664689
1477	0.1119576083
1478	0.1119551068
1479	0.1119503619
1480	0.1119438314
1481	0.1119391525
1482	0.1119311548
1483	0.1119227914
1484	0.1119195919
1485	0.1119140149
1486	0.1119088188
1487	0.1119033164
1488	0.1118878811
1489	0.1118826327
1490	0.1118721417
1491	0.1118698215
1492	0.1118597114
1493	0.1118582483
1494	0.1118403785
1495	0.111832762
1496	0.1118267089
1497	0.1118193964
1498	0.1118094996
1499	0.1118093249
1500	0.1118031629
1501	0.1117991281
1502	0.1117946707
1503	0.1117872998
1504	0.1117833373
1505	0.1117744051
1506	0.1117710161
1507	0.1117663801
1508	0.1117584151
1509	0.1117553301
1510	0.1117488242
1511	0.1117338669
1512	0.1117239603
1513	0.1117201229
1514	0.1117086398
1515	0.1117013479
1516	0.1116854592
1517	0.1116770567
1518	0.1116681605
1519	0.1116597572
1520	0.1116485475
1521	0.1116413251
1522	0.1116347727
1523	0.1116218137
1524	0.1116103256
1525	0.1116062284
1526	0.1116045177
1527	0.1115983695
1528	0.1115831951
1529	0.1115765554
1530	0.1115739531
1531	0.1115639482
1532	0.1115544786
1533	0.1115499848
1534	0.1115479515
1535	0.111544909
1536	0.1115332674
1537	0.1115234924
1538	0.111514204
1539	0.1115086446
1540	0.1114991974
1541	0.111488141
1542	0.1114786582
1543	0.1114703421
1544	0.1114636555
1545	0.1114565296
1546	0.1114498798
1547	0.1114391619
1548	0.1114364031
1549	0.1114188425
1550	0.1114159251
1551	0.1114104716
1552	0.1114035624
1553	0.111403382
1554	0.1113897705
1555	0.1113832943
1556	0.1113750598
1557	0.1113679512
1558	0.1113550248
1559	0.1113465131
1560	0.1113374269
1561	0.1113309839
1562	0.1113227611
1563	0.1113136376
1564	0.1113051779
1565	0.1113034933
1566	0.1112951086
1567	0.1112935537
1568	0.1112828948
1569	0.111272749
1570	0.1112643008
1571	0.1112598585
1572	0.1112538152
1573	0.1112487204
1574	0.1112405333
1575	0.1112360795
1576	0.1112267201
1577	0.1112122279
1578	0.1112025649
1579	0.111191419
1580	0.1111815684
1581	0.1111750309
1582	0.1111718603
1583	0.1111641549
1584	0.1111620072
1585	0.1111428577
1586	0.1111360496
1587	0.1111229867
1588	0.1111215034
1589	0.1111167993
1590	0.1111102025
1591	0.1111035012
1592	0.1110942768
1593	0.1110893073
1594	0.1110809465
1595	0.1110767394
1596	0.1110717352
1597	0.1110569432
1598	0.111052967
1599	0.1110458167
1600	0.1110381991
1601	0.1110345366
1602	0.1110227148
1603	0.111013744
1604	0.1110063531
1605	0.1110019996
1606	0.1109951615
1607	0.1109920664
1608	0.1109888522
1609	0.110981767
1610	0.1109789148
1611	0.1109736409
1612	0.1109617798
1613	0.1109561621
1614	0.1109545828
1615	0.1109468093
1616	0.1109362451
1617	0.1109206969
1618	0.1109138026
1619	0.1109037794
1620	0.1109026258
1621	0.1108939875
1622	0.1108848344
1623	0.1108820638
1624	0.1108804357
1625	0.1108690659
1626	0.1108560971
1627	0.1108532682
1628	0.1108417698
1629	0.1108289023
1630	0.1108199974
1631	0.1108142916
1632	0.1108030615
1633	0.1107899507
1634	0.1107808126
1635	0.1107749724
1636	0.1107674518
1637	0.1107621728
1638	0.1107578825
1639	0.1107449031
1640	0.1107297618
1641	0.1107180242
1642	0.1107114025
1643	0.1106974645
1644	0.1106846072
1645	0.1106811451
1646	0.1106769545
1647	0.1106667775
1648	0.1106573291
1649	0.1106506703
1650	0.1106452405
1651	0.1106377641
1652	0.1106330067
1653	0.1106217418
1654	0.1106167039
1655	0.1106079315
1656	0.1105999826
1657	0.1105984153
1658	0.1105921334
1659	0.1105890182
1660	0.1105720159
1661	0.110566873
1662	0.1105608075
1663	0.1105580511
1664	0.1105554499
1665	0.1105497834
1666	0.1105428913
1667	0.1105416263
1668	0.1105387196
1669	0.1105304089
1670	0.110530162
1671	0.110522317
1672	0.1105161274
1673	0.1105091548
1674	0.1105002928
1675	0.1104978643
1676	0.1104914329
1677	0.1104863145
1678	0.1104789793
1679	0.1104788639
1680	0.1104778057
1681	0.1104696779
1682	0.110460146
1683	0.1104529527
1684	0.1104412404
1685	0.1104300791
1686	0.1104231059
1687	0.1104150256
1688	0.1104105927
1689	0.1104061331
1690	0.1103976834
1691	0.11038239
1692	0.1103749837
1693	0.1103739225
1694	0.1103644687
1695	0.11035287
1696	0.1103450327
1697	0.1103427787
1698	0.1103336167
1699	0.1103217285
1700	0.1103104165
1701	0.1103062674
1702	0.1103005663
1703	0.1102911337
1704	0.1102815528
1705	0.1102814603
1706	0.1102729584
1707	0.1102640938
1708	0.1102560691
1709	0.1102536689
1710	0.1102449507
1711	0.1102380973
1712	0.1102328239
1713	0.110227141
1714	0.1102149291
1715	0.1102073292
1716	0.1102023889
1717	0.110195683
1718	0.11018769
1719	0.1101838157
1720	0.1101778123
1721	0.1101700503
1722	0.1101628751
1723	0.1101594162
1724	0.1101543278
1725	0.1101474035
1726	0.1101429833
1727	0.1101293624
1728	0.1101176615
1729	0.1101064212
1730	0.1100927599
1731	0.1100837299
1732	0.1100793354
1733	0.1100751493
1734	0.1100579959
1735	0.1100443508
1736	0.1100373381
1737	0.1100309337
1738	0.1100218303
1739	0.1100119142
1740	0.1100041095
1741	0.1099961557
1742	0.1099946799
1743	0.1099869201
1744	0.1099808857
1745	0.1099693734
1746	0.1099601045
1747	0.1099586986
1748	0.1099517681
1749	0.1099444028
1750	0.1099408058
1751	0.1099353985
1752	0.1099287904
1753	0.1099201168
1754	0.1099184082
1755	0.1099099109
1756	0.1099041802
1757	0.109898813
1758	0.1098924406
1759	0.1098799439
1760	0.1098684904
1761	0.1098616293
1762	0.1098527026
1763	0.1098425354
1764	0.1098348282
1765	0.1098264592
1766	0.1098215791
1767	0.1098181608
1768	0.1098135758
1769	0.1098063139
1770	0.1098008419
1771	0.1097971502
1772	0.1097948048
1773	0.109784686
1774	0.1097747932
1775	0.1097679447
1776	0.1097653627
1777	0.109753738
1778	0.1097432817
1779	0.1097360414
1780	0.1097267612
1781	0.1097228337
1782	0.1097216653
1783	0.109710479
1784	0.1097078067
1785	0.1097024325
1786	0.1096932394
1787	0.1096859791
1788	0.1096789588
1789	0.1096763527
1790	0.1096667852
1791	0.1096589195
1792	0.1096523331
1793	0.1096428746
1794	0.1096310304
1795	0.1096277053
1796	0.1096224074
1797	0.1096163611
1798	0.1096117288
1799	0.1096012382
1800	0.1095928363
1801	0.1095832042
1802	0.1095772851
1803	0.1095693406
1804	0.1095623162
1805	0.1095542125
1806	0.1095482972
1807	0.1095410688
1808	0.1095319759
1809	0.1095245637
1810	0.1095157307
1811	0.1095044817
1812	0.109493712
1813	0.1094834497
1814	0.1094763225
1815	0.1094703012
1816	0.1094700251
1817	0.1094613733
1818	0.1094573393
1819	0.1094477967
1820	0.1094413171
1821	0.109437885
1822	0.1094319944
1823	0.1094262221
1824	0.109418903
1825	0.1094116221
1826	0.1094079741
1827	0.1093988582
1828	0.1093928268
1829	0.1093854444
1830	0.1093784219
1831	0.1093658993
1832	0.1093572867
1833	0.1093511509
1834	0.1093419908
1835	0.1093314911
1836	0.1093249402
1837	0.1093167509
1838	0.1093033111
1839	0.1092940848
1840	0.1092790759
1841	0.1092722479
1842	0.1092671141
1843	0.1092600418
1844	0.109248744
1845	0.1092379383
1846	0.1092262505
1847	0.1092156646
1848	0.1092065037
1849	0.1092004502
1850	0.1091928838
1851	0.1091852683
1852	0.1091828452
1853	0.1091755299
1854	0.1091752808
1855	0.1091678694
1856	0.1091607524
1857	0.1091559501
1858	0.109148221
1859	0.1091465076
1860	0.1091390164
1861	0.1091289375
1862	0.1091258036
1863	0.1091174468
1864	0.1091044604
1865	0.10909632
1866	0.1090847228
1867	0.1090825996
1868	0.1090756383
1869	0.1090645469
1870	0.1090588614
1871	0.1090517202
1872	0.1090468543
1873	0.1090328764
1874	0.1090236345
1875	0.1090173098
1876	0.1090121559
1877	0.1090057577
1878	0.1089950319
1879	0.1089888198
1880	0.1089809565
1881	0.1089740665
1882	0.1089603234
1883	0.1089535447
1884	0.1089494463
1885	0.1089424625
1886	0.10893401
1887	0.1089263037
1888	0.1089256089
1889	0.108923169
1890	0.1089160481
1891	0.1089038751
1892	0.1088974395
1893	0.108889149
1894	0.1088797743
1895	0.1088722514
1896	0.1088707761
1897	0.1088599667
1898	0.1088553903
1899	0.1088467186
1900	0.1088427423
1901	0.1088346741
1902	0.1088301736
1903	0.1088211598
1904	0.1088140856
1905	0.1088127969
1906	0.1088117593
1907	0.108806872
1908	0.1088011848
1909	0.1087991009
1910	0.1087944623
1911	0.1087887423
1912	0.1087759096
1913	0.1087653989
1914	0.1087585303
1915	0.1087488404
1916	0.1087370359
1917	0.1087331992
1918	0.1087203703
1919	0.1087118378
1920	0.108706505
1921	0.1087007932
1922	0.1086941844
1923	0.1086897286
1924	0.1086823321
1925	0.108677545
1926	0.108667694
1927	0.1086566418
1928	0.1086439775
1929	0.1086333653
1930	0.1086280221
1931	0.1086231271
1932	0.1086167761
1933	0.1086007205
1934	0.1085963197
1935	0.1085826563
1936	0.1085747895
1937	0.1085678803
1938	0.1085612612
1939	0.1085550316
1940	0.1085528098
1941	0.1085492309
1942	0.1085415183
1943	0.1085357991
1944	0.10852967
1945	0.1085224131
1946	0.1085163799
1947	0.1085081281
1948	0.1085016499
1949	0.108494944
1950	0.1084848355
1951	0.1084749525
1952	0.1084676606
1953	0.1084620512
1954	0.1084619692
1955	0.1084528674
1956	0.1084410187
1957	0.1084394576
1958	0.108428595
1959	0.1084208963
1960	0.1084169138
1961	0.1084127464
1962	0.108403483
1963	0.1083978638
1964	0.1083898617
1965	0.1083832039
1966	0.1083752206
1967	0.1083663195
1968	0.1083589437
1969	0.1083492208
1970	0.1083370516
1971	0.1083329535
1972	0.1083302181
1973	0.1083248489
1974	0.1083167654
1975	0.1083082476
1976	0.1083020436
1977	0.1082928429
1978	0.1082862527
1979	0.1082761053
1980	0.108270637
1981	0.108262198
1982	0.1082563026
1983	0.108250814
1984	0.1082442334
1985	0.1082428677
1986	0.108234095
1987	0.1082292547
1988	0.1082235075
1989	0.1082163616
1990	0.108210972
1991	0.1082036583
1992	0.1081945973
1993	0.108187362
1994	0.1081831935
1995	0.1081791455
1996	0.1081789807
1997	0.108173294
1998	0.1081644676
1999	0.1081609225
2000	0.1081554395
2001	0.1081463427
2002	0.1081418771
2003	0.1081377427
2004	0.1081269034
2005	0.108120752
2006	0.1081159829
2007	0.1081087499
2008	0.1081024859
2009	0.1080911211
2010	0.108084338
2011	0.1080774614
2012	0.1080762854
2013	0.1080751407
2014	0.1080581146
2015	0.108051468
2016	0.1080513477
2017	0.1080423062
2018	0.1080285872
2019	0.1080254958
2020	0.1080233373
2021	0.1080137217
2022	0.1080101999
2023	0.1079944302
2024	0.1079878315
2025	0.1079759994
2026	0.1079758711
2027	0.107972423
2028	0.1079630641
2029	0.1079590614
2030	0.1079525931
2031	0.1079479179
2032	0.1079413494
2033	0.1079383143
2034	0.1079363465
2035	0.1079310555
2036	0.1079206056
2037	0.1079148168
2038	0.1079096282
2039	0.1079010691
2040	0.1078944519
2041	0.1078888225
2042	0.1078886299
2043	0.1078737611
2044	0.1078682014
2045	0.1078676655
2046	0.1078613897
2047	0.1078503324
2048	0.1078436738
2049	0.1078393284
2050	0.107834865
2051	0.1078271047
2052	0.1078223863
2053	0.1078169098
2054	0.1078127211
2055	0.1078054138
2056	0.1077974793
2057	0.1077973216
2058	0.1077884586
2059	0.1077772571
2060	0.1077692619
2061	0.1077629079
2062	0.1077574087
2063	0.1077498647
2064	0.1077419578
2065	0.1077362105
2066	0.1077315734
2067	0.1077297916
2068	0.1077225437
2069	0.1077098022
2070	0.1077005397
2071	0.1076954172
2072	0.107692172
2073	0.1076866106
2074	0.1076809864
2075	0.1076725609
2076	0.1076640456
2077	0.107658524
2078	0.107653371
2079	0.1076455699
2080	0.1076412106
2081	0.1076298098
2082	0.1076231118
2083	0.1076199994
2084	0.1076138796
2085	0.1076082847
2086	0.1076021499
2087	0.1075963907
2088	0.1075925461
2089	0.1075862474
2090	0.1075789966
2091	0.1075702226
2092	0.1075677117
2093	0.1075579255
2094	0.1075490115
2095	0.1075439507
2096	0.1075309302
2097	0.1075215122
2098	0.1075079833
2099	0.1075037836
2100	0.1074987631
2101	0.1074871746
2102	0.1074793682
2103	0.1074724478
2104	0.1074640037
2105	0.1074572472
2106	0.1074571435
2107	0.1074489754
2108	0.1074482258
2109	0.1074373491
2110	0.1074265991
2111	0.1074214305
2112	0.1074146146
2113	0.1074112051
2114	0.1074007214
2115	0.1073967489
2116	0.1073914193
2117	0.1073866103
2118	0.1073842586
2119	0.1073747583
2120	0.1073729411
2121	0.1073668341
2122	0.1073616757
2123	0.1073526396
2124	0.1073508801
2125	0.1073484301
2126	0.1073408046
2127	0.1073355892
2128	0.107327115
2129	0.1073206304
2130	0.1073134022
2131	0.1073065953
2132	0.1073022012
2133	0.10729571
2134	0.1072904161
2135	0.1072794083
2136	0.1072729019
2137	0.107263198
2138	0.1072485557
2139	0.1072434113
2140	0.1072353075
2141	0.1072245128
2142	0.1072175955
2143	0.1072113953
2144	0.1072045123
2145	0.107197483
2146	0.1071938725
2147	0.1071855481
2148	0.107181857
2149	0.1071719553
2150	0.1071669161
2151	0.1071565495
2152	0.1071540429
2153	0.1071469974
2154	0.1071417002
2155	0.1071343036
2156	0.107129771
2157	0.1071198918
2158	0.1071185639
2159	0.1071073778
2160	0.107103018
2161	0.1070915989
2162	0.1070846515
2163	0.1070780856
2164	0.1070698788
2165	0.1070653891
2166	0.1070540398
2167	0.1070536467
2168	0.1070398825
2169	0.1070364732
2170	0.1070295951
2171	0.1070229083
2172	0.107022819
2173	0.107022757
2174	0.1070120541
2175	0.1070049836
2176	0.1069974492
2177	0.1069951156
2178	0.1069867272
2179	0.106984892
2180	0.1069762515
2181	0.1069674604
2182	0.1069639625
2183	0.1069638568
2184	0.1069547092
2185	0.1069509128
2186	0.1069439645
2187	0.1069367521
2188	0.1069284818
2189	0.1069207873
2190	0.1069146251
2191	0.1069091582
2192	0.106898937
2193	0.106892112
2194	0.1068807588
2195	0.1068712251
2196	0.1068683327
2197	0.1068622538
2198	0.1068548712
2199	0.1068476056
2200	0.1068396391
2201	0.1068377495
2202	0.1068310149
2203	0.1068263588
2204	0.1068214449
2205	0.1068107737
2206	0.106803884
2207	0.1067957262
2208	0.1067884727
2209	0.1067831493
2210	0.1067760692
2211	0.106771982
2212	0.1067677194
2213	0.1067633496
2214	0.1067553407
2215	0.1067472261
2216	0.1067417638
2217	0.1067343082
2218	0.1067265663
2219	0.1067171129
2220	0.1067090828
2221	0.106705718
2222	0.1067039031
2223	0.1066987696
2224	0.1066970092
2225	0.1066891796
2226	0.1066841396
2227	0.1066794707
2228	0.1066705696
2229	0.1066647866
2230	0.1066572347
2231	0.106649235
2232	0.1066387562
2233	0.1066259952
2234	0.1066232555
2235	0.1066176735
2236	0.1066126685
2237	0.1066073762
2238	0.1066001055
2239	0.1065936078
2240	0.1065870725
2241	0.106574519
2242	0.1065671492
2243	0.1065588173
2244	0.1065515323
2245	0.1065432341
2246	0.106531682
2247	0.1065276462
2248	0.1065169069
2249	0.1065072844
2250	0.1065065564
2251	0.1065002548
2252	0.1064931631
2253	0.1064885485
2254	0.1064801532
2255	0.1064758778
2256	0.106469125
2257	0.1064638392
2258	0.1064580399
2259	0.1064537147
2260	0.1064528798
2261	0.1064517025
2262	0.1064440533
2263	0.1064365042
2264	0.1064333489
2265	0.1064265368
2266	0.106416518
2267	0.1064131066
2268	0.1064055477
2269	0.1063996559
2270	0.106397847
2271	0.1063903446
2272	0.1063854209
2273	0.1063801925
2274	0.1063691361
2275	0.1063667233
2276	0.1063618665
2277	0.1063532801
2278	0.1063475512
2279	0.1063421299
2280	0.1063341027
2281	0.1063256637
2282	0.1063201651
2283	0.1063162384
2284	0.1063126323
2285	0.1063091498
2286	0.1062990031
2287	0.1062895338
2288	0.1062801161
2289	0.1062747232
2290	0.1062691059
2291	0.1062635262
2292	0.1062577872
2293	0.1062538646
2294	0.1062441785
2295	0.1062357609
2296	0.1062279157
2297	0.106221709
2298	0.1062173987
2299	0.1062117002
2300	0.1062092029
2301	0.106198399
2302	0.1061883309
2303	0.1061834365
2304	0.10618185
2305	0.106173954
2306	0.1061674036
2307	0.1061625744
2308	0.1061588305
2309	0.1061525631
2310	0.1061474917
2311	0.1061474165
2312	0.1061388395
2313	0.1061345526
2314	0.1061289928
2315	0.1061280827
2316	0.1061263123
2317	0.1061197131
2318	0.1061143926
2319	0.1061058507
2320	0.1061005201
2321	0.1060959906
2322	0.1060883079
2323	0.1060853177
2324	0.1060795597
2325	0.1060686867
2326	0.1060594654
2327	0.1060528744
2328	0.1060484608
2329	0.1060401357
2330	0.1060386539
2331	0.1060317224
2332	0.1060276049
2333	0.1060244527
2334	0.1060201672
2335	0.1060156033
2336	0.1060075814
2337	0.1059992901
2338	0.1059910335
2339	0.1059865269
2340	0.1059758516
2341	0.1059679818
2342	0.1059678302
2343	0.105967669
2344	0.1059652238
2345	0.1059591335
2346	0.105958133
2347	0.1059508483
2348	0.1059425584
2349	0.105929321
2350	0.1059228203
2351	0.1059156837
2352	0.1059112069
2353	0.1059095458
2354	0.1059011966
2355	0.1059004727
2356	0.1058914691
2357	0.1058911727
2358	0.1058853996
2359	0.1058811277
2360	0.1058766059
2361	0.1058694153
2362	0.1058651593
2363	0.1058591349
2364	0.1058489163
2365	0.1058461889
2366	0.1058404371
2367	0.1058378625
2368	0.1058334769
2369	0.105827206
2370	0.1058224425
2371	0.1058176625
2372	0.1058078395
2373	0.1058008432
2374	0.1057975136
2375	0.1057925155
2376	0.105787778
2377	0.1057831774
2378	0.1057745859
2379	0.105771416
2380	0.105771264
2381	0.1057678561
2382	0.1057630881
2383	0.1057584409
2384	0.1057527936
2385	0.1057473305
2386	0.1057467421
2387	0.1057423318
2388	0.1057398975
2389	0.1057350244
2390	0.105719403
2391	0.105719189
2392	0.1057124164
2393	0.1057060394
2394	0.1057029801
2395	0.1056920898
2396	0.1056870995
2397	0.1056839141
2398	0.1056795825
2399	0.105668307
2400	0.1056681591
2401	0.1056615083
2402	0.1056566341
2403	0.1056528767
2404	0.1056508858
2405	0.1056459819
2406	0.1056380093
2407	0.1056348498
2408	0.1056321794
2409	0.105628795
2410	0.1056189244
2411	0.1056104612
2412	0.1055975378
2413	0.1055898086
2414	0.1055811362
2415	0.1055736326
2416	0.1055685398
2417	0.1055583314
2418	0.1055523547
2419	0.10554988
2420	0.1055419524
2421	0.1055306673
2422	0.1055261589
2423	0.1055260369
2424	0.1055189609
2425	0.1055148617
2426	0.1055070798
2427	0.1055056173
2428	0.1054948633
2429	0.1054859853
2430	0.1054801628
2431	0.1054758702
2432	0.1054701343
2433	0.1054655863
2434	0.1054572028
2435	0.1054568494
2436	0.1054521155
2437	0.1054457237
2438	0.1054428462
2439	0.1054374182
2440	0.1054340044
2441	0.1054315633
2442	0.1054281086
2443	0.1054212302
2444	0.1054137963
2445	0.105409591
2446	0.1054049308
2447	0.1053916283
2448	0.1053848579
2449	0.1053787976
2450	0.1053737458
2451	0.1053675977
2452	0.1053675543
2453	0.1053624439
2454	0.1053517791
2455	0.1053434853
2456	0.1053398648
2457	0.1053384416
2458	0.1053273587
2459	0.1053208082
2460	0.1053147344
2461	0.1053065013
2462	0.105299956
2463	0.1052923086
2464	0.1052855168
2465	0.1052792596
2466	0.1052713536
2467	0.1052638825
2468	0.1052571866
2469	0.1052536212
2470	0.1052485249
2471	0.1052418617
2472	0.1052371515
2473	0.1052278063
2474	0.1052225313
2475	0.1052224073
2476	0.1052143633
2477	0.1052102124
2478	0.1052039034
2479	0.1051970313
2480	0.1051943675
2481	0.105182719
2482	0.1051754895
2483	0.1051754193
2484	0.1051690275
2485	0.1051679577
2486	0.1051586807
2487	0.105152666
2488	0.1051461304
2489	0.1051420296
2490	0.1051343747
2491	0.1051274315
2492	0.1051186523
2493	0.1051185086
2494	0.1051153015
2495	0.1051089869
2496	0.1051048108
2497	0.1051005384
2498	0.1050956182
2499	0.1050897663
2500	0.105083156
2501	0.1050741629
2502	0.1050666162
2503	0.1050615074
2504	0.1050528789
2505	0.1050476649
2506	0.1050421516
2507	0.1050370631
2508	0.1050276376
2509	0.1050244178
2510	0.1050205304
2511	0.1050152804
2512	0.1050150981
2513	0.1050122169
2514	0.1050032895
2515	0.1050001318
2516	0.1049988061
2517	0.1049924008
2518	0.1049868516
2519	0.1049861545
2520	0.1049773279
2521	0.1049662527
2522	0.1049579478
2523	0.1049529616
2524	0.1049430349
2525	0.104931769
2526	0.1049238945
2527	0.1049200271
2528	0.1049139435
2529	0.1049121357
2530	0.1049081348
2531	0.1049078273
2532	0.1049041632
2533	0.1048969741
2534	0.1048906493
2535	0.1048836103
2536	0.1048715471
2537	0.104868764
2538	0.1048588411
2539	0.1048492201
2540	0.1048430134
2541	0.104842288
2542	0.1048385661
2543	0.1048376642
2544	0.1048303665
2545	0.1048253967
2546	0.1048182431
2547	0.1048179904
2548	0.1048174001
2549	0.1048171754
2550	0.104807317
2551	0.1048022751
2552	0.10479966
2553	0.104798405
2554	0.1047971702
2555	0.1047913871
2556	0.10478662
2557	0.1047820258
2558	0.1047725416
2559	0.1047672615
2560	0.1047623223
2561	0.1047566009
2562	0.1047467805
2563	0.1047365578
2564	0.1047309704
2565	0.1047298707
2566	0.1047243537
2567	0.1047238238
2568	0.1047188524
2569	0.1047176772
2570	0.1047090983
2571	0.1047019399
2572	0.1046977974
2573	0.1046909693
2574	0.1046846854
2575	0.1046786978
2576	0.1046686914
2577	0.1046599881
2578	0.1046568439
2579	0.1046498788
2580	0.1046445564
2581	0.1046440081
2582	0.1046403861
2583	0.1046341277
2584	0.1046280576
2585	0.1046193799
2586	0.1046167298
2587	0.1046089225
2588	0.1045991215
2589	0.1045911597
2590	0.1045873196
2591	0.1045831878
2592	0.1045768084
2593	0.1045718279
2594	0.1045629286
2595	0.1045596422
2596	0.1045524058
2597	0.1045473112
2598	0.1045405754
2599	0.1045341101
2600	0.1045291468
2601	0.1045241432
2602	0.1045148285
2603	0.1045077791
2604	0.1044981841
2605	0.1044915372
2606	0.104485003
2607	0.1044797461
2608	0.1044756863
2609	0.1044684228
2610	0.1044635968
2611	0.1044578064
2612	0.1044548942
2613	0.10444734
2614	0.1044423287
2615	0.1044316927
2616	0.1044253455
2617	0.1044199519
2618	0.1044148486
2619	0.1044102658
2620	0.1044039239
2621	0.1044037684
2622	0.1043949332
2623	0.1043903258
2624	0.1043863534
2625	0.1043806895
2626	0.1043750831
2627	0.1043723026
2628	0.1043673491
2629	0.1043624848
2630	0.1043534167
2631	0.1043482358
2632	0.1043415423
2633	0.1043411016
2634	0.1043354278
2635	0.1043352948
2636	0.1043306553
2637	0.1043235754
2638	0.1043176914
2639	0.1043145261
2640	0.1043076438
2641	0.1043043597
2642	0.1043009535
2643	0.1042959724
2644	0.1042892827
2645	0.1042809773
2646	0.1042731237
2647	0.1042710646
2648	0.1042707083
2649	0.1042635039
2650	0.1042582186
2651	0.1042526921
2652	0.1042457334
2653	0.1042386512
2654	0.1042324346
2655	0.1042283891
2656	0.104227722
2657	0.1042228524
2658	0.1042175832
2659	0.104210766
2660	0.1042059408
2661	0.1041987212
2662	0.1041889246
2663	0.1041815271
2664	0.1041744921
2665	0.1041702603
2666	0.1041644299
2667	0.1041577503
2668	0.104153432
2669	0.1041470235
2670	0.1041435123
2671	0.1041388598
2672	0.1041345759
2673	0.1041294517
2674	0.1041242288
2675	0.1041161669
2676	0.1041071036
2677	0.1040986789
2678	0.1040901984
2679	0.1040841572
2680	0.1040801599
2681	0.104077025
2682	0.1040689987
2683	0.1040613285
2684	0.1040553215
2685	0.1040517415
2686	0.1040438195
2687	0.1040412786
2688	0.1040346044
2689	0.1040285347
2690	0.1040230289
2691	0.1040138886
2692	0.104009445
2693	0.1040084639
2694	0.1040065671
2695	0.1040005513
2696	0.1039941727
2697	0.1039848409
2698	0.1039818429
2699	0.1039783996
2700	0.1039716579
2701	0.1039489142
2702	0.1039466774
2703	0.1039386496
2704	0.1039381186
2705	0.103927268
2706	0.1039186919
2707	0.1039141971
2708	0.1039072577
2709	0.1039023573
2710	0.1038993793
2711	0.1038963477
2712	0.1038897656
2713	0.1038819589
2714	0.103874521
2715	0.1038681601
2716	0.1038629182
2717	0.1038591425
2718	0.1038532914
2719	0.1038481859
2720	0.1038425586
2721	0.1038374435
2722	0.1038313629
2723	0.1038233519
2724	0.1038197793
2725	0.1038162076
2726	0.1038045904
2727	0.1037992328
2728	0.103792427
2729	0.1037846174
2730	0.103777004
2731	0.1037709112
2732	0.1037692725
2733	0.1037636503
2734	0.1037601354
2735	0.1037547038
2736	0.1037474008
2737	0.1037415416
2738	0.1037406712
2739	0.1037361794
2740	0.1037276784
2741	0.1037274446
2742	0.1037215262
2743	0.1037145118
2744	0.1037072142
2745	0.1037031667
2746	0.1037021305
2747	0.1036973128
2748	0.1036917239
2749	0.1036862477
2750	0.1036848982
2751	0.1036791771
2752	0.1036739297
2753	0.1036700993
2754	0.103665679
2755	0.1036594174
2756	0.1036481645
2757	0.1036417981
2758	0.1036338056
2759	0.1036276218
2760	0.1036253987
2761	0.103621337
2762	0.1036150615
2763	0.1036074362
2764	0.1036026437
2765	0.1036024287
2766	0.1035961301
2767	0.1035955
2768	0.1035885533
2769	0.1035858141
2770	0.1035814347
2771	0.1035739195
2772	0.103566217
2773	0.1035582744
2774	0.1035534357
2775	0.1035482497
2776	0.10353962
2777	0.1035315791
2778	0.1035215876
2779	0.1035116873
2780	0.1035067011
2781	0.1034998335
2782	0.1034920217
2783	0.1034863987
2784	0.1034819603
2785	0.1034708474
2786	0.1034640303
2787	0.1034573235
2788	0.103454836
2789	0.1034542907
2790	0.1034479614
2791	0.1034461692
2792	0.1034392392
2793	0.1034341024
2794	0.1034280947
2795	0.1034207708
2796	0.1034158288
2797	0.1034044786
2798	0.1034002703
2799	0.1033889053
2800	0.1033845494
2801	0.103377513
2802	0.1033773685
2803	0.1033771353
2804	0.1033678852
2805	0.1033601044
2806	0.1033563706
2807	0.1033503152
2808	0.103343923
2809	0.1033436143
2810	0.1033400265
2811	0.1033398496
2812	0.1033328716
2813	0.1033253876
2814	0.1033199311
2815	0.1033168003
2816	0.1033163083
2817	0.1033150327
2818	0.1033086995
2819	0.103304265
2820	0.1032988405
2821	0.1032897477
2822	0.1032834321
2823	0.1032789749
2824	0.1032751374
2825	0.1032664628
2826	0.1032592439
2827	0.1032560469
2828	0.103253282
2829	0.103253009
2830	0.1032425248
2831	0.1032360525
2832	0.1032319247
2833	0.1032317055
2834	0.1032314749
2835	0.1032313438
2836	0.1032279416
2837	0.1032226202
2838	0.1032150661
2839	0.1032119776
2840	0.1032079701
2841	0.1032002166
2842	0.1031967025
2843	0.1031925941
2844	0.1031866606
2845	0.1031859882
2846	0.1031858208
2847	0.1031783715
2848	0.1031765838
2849	0.1031707311
2850	0.1031655892
2851	0.1031597498
2852	0.1031526941
2853	0.1031476522
2854	0.1031433792
2855	0.1031378731
2856	0.1031323076
2857	0.1031250652
2858	0.1031208371
2859	0.1031168816
2860	0.1031131546
2861	0.1031061684
2862	0.1031012294
2863	0.1030976438
2864	0.1030974768
2865	0.1030960397
2866	0.103091633
2867	0.103087072
2868	0.1030812365
2869	0.1030777596
2870	0.1030755868
2871	0.1030670107
2872	0.1030611193
2873	0.1030599217
2874	0.1030520789
2875	0.103043037
2876	0.1030365817
2877	0.1030334085
2878	0.1030232605
2879	0.1030118703
2880	0.1030083264
2881	0.1030022274
2882	0.1029966902
2883	0.1029865551
2884	0.1029848778
2885	0.102980392
2886	0.1029726029
2887	0.102971585
2888	0.1029660539
2889	0.1029588032
2890	0.1029549321
2891	0.102949715
2892	0.1029449071
2893	0.1029398816
2894	0.1029349476
2895	0.1029308288
2896	0.1029233695
2897	0.102921062
2898	0.1029192198
2899	0.1029118765
2900	0.1029086718
2901	0.1028984597
2902	0.1028951001
2903	0.1028869003
2904	0.1028803425
2905	0.1028755024
2906	0.1028675106
2907	0.1028629191
2908	0.1028557846
2909	0.1028525456
2910	0.1028504479
2911	0.1028426963
2912	0.1028353823
2913	0.1028313318
2914	0.1028247521
2915	0.1028192388
2916	0.1028185628
2917	0.10281341
2918	0.1028067633
2919	0.1028026537
2920	0.1027963559
2921	0.1027936472
2922	0.1027934675
2923	0.1027882348
2924	0.1027739942
2925	0.1027652586
2926	0.1027571252
2927	0.1027542764
2928	0.1027483886
2929	0.1027451661
2930	0.1027434118
2931	0.1027407365
2932	0.1027332404
2933	0.1027270692
2934	0.1027195367
2935	0.1027141813
2936	0.1027018449
2937	0.1026983178
2938	0.1026949649
2939	0.1026872436
2940	0.1026831979
2941	0.102678689
2942	0.1026785617
2943	0.1026702327
2944	0.1026608772
2945	0.1026557999
2946	0.1026460236
2947	0.1026373999
2948	0.1026334386
2949	0.1026258353
2950	0.1026238596
2951	0.1026182835
2952	0.1026115668
2953	0.1026046742
2954	0.1026014338
2955	0.1025962986
2956	0.102589837
2957	0.1025854387
2958	0.1025752071
2959	0.1025703583
2960	0.1025608574
2961	0.1025543548
2962	0.1025505964
2963	0.1025487285
2964	0.1025447312
2965	0.1025401257
2966	0.102534163
2967	0.1025280133
2968	0.1025244865
2969	0.1025162302
2970	0.1025077604
2971	0.1025030191
2972	0.1024977157
2973	0.1024851871
2974	0.1024756567
2975	0.1024709201
2976	0.1024629046
2977	0.1024567608
2978	0.1024507704
2979	0.1024438124
2980	0.102440069
2981	0.1024337323
2982	0.102426831
2983	0.1024225111
2984	0.1024161548
2985	0.102408912
2986	0.1024088416
2987	0.1024029069
2988	0.1023956792
2989	0.1023886135
2990	0.1023850919
2991	0.1023812074
2992	0.1023738551
2993	0.1023684888
2994	0.1023641901
2995	0.1023603129
2996	0.1023505394
2997	0.102345041
2998	0.1023382933
2999	0.1023343907
